Name,estimated_minutes,submission_wins_final,ko_tko_wins_final,StrikingAttemptsToGrapplingAttempts_Ratio,PercentRank_StrikingtoGrappingAttemps_Ratio,StrikingToGrapplingTime_Ratio,PercentRank_StrikingToGrappingTime_Ratio,manual_stat_entry,classification
Aaron Phillips,30,0,0,1.33,0.2,110.63,0.85,0,Grappler
Abdul Razak Alhassan,35,0,0,14.77,0.86,209,0.91,0,Striker
Abdul-Kerim Edilov,10,0,0,5.5,0.63,15,0.3,0,Grappler
Abel Trujillo,75,0,0,5.8,0.65,17.11,0.37,0,Grappler
Abner Lloveras,15,0,0,6.8,0.7,23,0.44,0,Grappler
Abu Azaitar,15,0,0,7,0.71,23,0.44,0,Striker
Adam Antolin,15,9,2,0,0,23,0.44,1,Grappler
Adam Milstead,35,0,0,34.71,0.94,55,0.77,0,Striker
Adam Wieczorek,25,0,0,3.49,0.47,49.85,0.75,0,Grappler
Adam Yandiev,10,0,0,0,0,15,0.3,0,Grappler
Adriano Martins,60,0,0,11.31,0.81,38.89,0.67,0,Striker
Aiemann Zahabi,30,0,0,22.6,0.9,47,0.72,0,Striker
Aisling Daly,35,0,0,1.9,0.26,19.95,0.41,0,Grappler
Akbarh Arreola,45,0,0,4.74,0.58,124.58,0.86,0,Grappler
Akira Corassani,20,0,0,80.5,0.98,31,0.59,0,Striker
Al Iaquinta,105,1,7,9.99,0.78,47.84,0.74,1,Striker
Alan Jouban,105,0,0,9.03,0.77,17.49,0.38,0,Striker
Alan Omer,30,0,0,4,0.52,47,0.72,0,Grappler
Alan Patrick,85,0,0,1.98,0.28,4.1,0.05,0,Grappler
Albert Cheng,5,1,2,0,0,7,0.11,1,Grappler
Albert Morales,80,0,0,9.91,0.78,27.36,0.57,0,Striker
Albert Tumenov,85,0,0,5.23,0.61,20.54,0.42,0,Grappler
Alberto Mina,45,0,0,3.97,0.52,39.6,0.69,0,Grappler
Alberto Uda,15,0,0,5,0.6,137.46,0.87,0,Grappler
Alejandro Perez,105,0,0,3.83,0.5,53.31,0.76,0,Grappler
Aleksandar Rakic,30,1,9,7.46,0.73,47,0.72,1,Striker
Aleksy Kunchenko,15,1,13,0,0,23,0.44,1,Striker
Alessandro Ricci,20,0,0,16.86,0.87,31,0.59,0,Striker
Alessio Di Chirico,60,0,0,6.77,0.7,33.45,0.65,0,Grappler
Alex Caceres,155,1,18,12.32,0.82,21.48,0.42,1,Striker
Alex Chambers,55,0,0,6.55,0.69,20.38,0.41,0,Grappler
Alex Garcia,105,0,0,3.37,0.46,3.37,0.04,0,Grappler
Alex Morono,75,0,0,10.69,0.8,138.53,0.88,0,Striker
Alex Nicholson,35,0,0,50.13,0.96,108.8,0.85,0,Striker
Alex Oliveira,140,0,0,2.95,0.42,3.02,0.03,0,Grappler
Alex Perez,35,6,4,2.82,0.4,9.04,0.2,1,Grappler
Alex Reyes,5,0,0,0,0,7,0.11,0,Grappler
Alex White,95,0,0,11.72,0.82,18.26,0.39,0,Striker
Alexa Grasso,50,0,4,14.58,0.86,299,0.92,1,Striker
Alexander Gustafsson,80,3,11,3.86,0.5,11.77,0.26,1,Striker
Alexander Hernandez,20,2,4,4.67,0.57,31,0.59,1,Striker
Alexander Volkanovski,65,3,11,1.91,0.27,6.9,0.11,1,Striker
Alexander Volkov,80,3,20,7.75,0.74,74.59,0.81,1,Striker
Alexander Yakovlev,75,0,0,5.28,0.62,17.2,0.38,0,Grappler
Alexandra Albu,25,0,0,37,0.95,39,0.67,0,Striker
Alexandre Pantoja,60,8,7,6.17,0.68,12.51,0.27,1,Grappler
ALEXEY OLEYNIK,60,45,8,2.7,0.37,47.24,0.74,1,Grappler
Alexis Davis,85,8,2,3.03,0.43,9.55,0.21,1,Grappler
Alexis Dufresne,30,0,0,1.1,0.18,11.88,0.26,0,Grappler
Alfred Khashakyan,5,0,0,0,0,7,0.11,0,Grappler
Ali Bagautinov,85,0,0,2.92,0.42,9.73,0.21,0,Grappler
Alistair Overeem,115,17,23,1.99,0.28,4.23,0.06,1,Striker
Aljamain Sterling,145,7,2,2.46,0.34,1.69,0.01,1,Grappler
Allan Zuniga,15,0,0,0,0,23,0.44,0,Grappler
Allen Crowder,20,0,0,1.56,0.23,12.81,0.28,0,Grappler
Alonzo Menifield,5,0,0,17,0.87,7,0.11,0,Striker
Alptekin Ozkilic,35,0,0,11.04,0.81,16.16,0.37,0,Striker
Alton Cunningham,5,0,0,0,0,7,0.11,0,Grappler
Alvaro Herrera,25,0,0,22,0.9,399,0.94,0,Striker
Amanda Cooper,40,0,0,2.53,0.35,8.24,0.18,0,Grappler
Amanda Lemos,10,0,0,0,0,15,0.3,0,Grappler
Amanda Nunes,100,3,13,1.92,0.27,7.52,0.17,1,Striker
Amir Sadollah,15,0,0,0,0,23,0.44,0,Grappler
An Ying Wang,10,0,0,23.5,0.91,65.67,0.8,0,Striker
Anderson Silva,80,8,23,61.06,0.97,1370.43,0.98,1,Striker
Andre Ewell,15,0,0,0,0,23,0.44,0,Grappler
Andre Fili,125,0,0,4.33,0.55,5.43,0.08,0,Grappler
Andre Soukhamthath,55,0,0,5.84,0.65,39,0.67,0,Grappler
Andrea Lee,15,4,2,0,0,23,0.44,1,Grappler
Andreas Stahl,20,0,0,44.33,0.95,31,0.59,0,Striker
Andrei Arlovski,150,0,0,9.83,0.77,50.72,0.76,0,Striker
Andrew Craig,25,0,0,2.24,0.31,999,0.97,0,Grappler
Andrew Holbrook,45,0,0,1.83,0.25,7.77,0.17,0,Grappler
Andrew Sanchez,75,0,0,2.26,0.32,5.17,0.08,0,Grappler
Andy Enz,35,0,0,172.25,0.99,599,0.95,0,Striker
Andy Ogle,35,0,0,3.47,0.47,31.18,0.64,0,Grappler
Angel De Anda,5,0,0,0,0,7,0.11,0,Grappler
Angela Hill,110,0,0,12.09,0.82,65.5,0.8,0,Striker
Angela Magana,40,0,0,32.8,0.94,289.91,0.92,0,Striker
Anna Elmose,20,0,0,8.6,0.76,684.71,0.96,0,Striker
Anthony Birchak,30,0,0,4.35,0.55,46.37,0.71,0,Grappler
Anthony Christodoulou,25,0,0,19,0.88,39,0.67,0,Striker
Anthony Hamilton,85,0,0,2.14,0.3,3.33,0.04,0,Grappler
Anthony Johnson,70,0,16,5.52,0.63,17.92,0.39,1,Striker
Anthony Lapsley,5,16,0,0,0,7,0.11,1,Grappler
Anthony Njokuani,30,0,0,21,0.89,47,0.72,0,Striker
Anthony Perosh,15,0,0,1.11,0.18,10.76,0.23,0,Grappler
Anthony Pettis,145,7,11,7,0.71,26.54,0.56,1,Striker
Anthony Smith,90,12,17,6.77,0.7,33.07,0.65,1,Striker
Anton Berzin,15,0,0,0,0,23,0.44,0,Grappler
Anton Zafir,10,0,0,2.67,0.37,24,0.55,0,Grappler
Antonio Braga Neto,30,0,0,1.16,0.18,15.98,0.36,0,Grappler
Antonio Carlos Jr.,115,8,0,1.99,0.28,1.5,0,1,Grappler
Antonio Dos Santos,15,0,0,15,0.86,155.52,0.89,0,Striker
Antonio Silva,35,2,15,26.78,0.92,55,0.77,1,Striker
Ariel Beck,10,0,0,0,0,15,0.3,0,Grappler
Arjan Bhullar,25,0,0,3.43,0.46,39.96,0.7,0,Grappler
Arnold Allen,60,4,5,4.36,0.56,25.37,0.56,1,Striker
Artem Lobov,100,2,4,11,0.81,13.13,0.28,1,Striker
Ashkan Mokhtarian,30,0,0,2.64,0.36,109.77,0.85,0,Grappler
Ashlee Evans-Smith,70,0,0,5.9,0.66,13.8,0.29,0,Grappler
Ashley Yoder,45,0,0,4.01,0.52,13.5,0.29,0,Grappler
Aspen Ladd,15,1,5,2.1,0.3,30.3,0.59,1,Striker
Augusto Mendes,35,0,0,18.17,0.88,239,0.91,0,Striker
Augusto Montano,35,0,0,10.63,0.8,114.07,0.86,0,Striker
Augusto Sakai,15,0,10,22,0.9,23,0.44,1,Striker
Austin Arnett,40,0,0,107.5,0.99,563.71,0.95,0,Striker
Azunna Anyanwu,10,0,0,8,0.74,15,0.3,0,Striker
Barb Honchak,25,0,0,40.17,0.95,284.71,0.92,0,Striker
Bartosz Fabinski,45,0,0,1.47,0.21,15.18,0.35,0,Grappler
Bec Rawlings,90,0,0,10.44,0.79,17.69,0.39,0,Striker
Belal Muhammad,95,0,0,4.44,0.56,9.15,0.21,0,Grappler
Ben Nguyen,55,5,8,5.23,0.61,11.8,0.26,1,Striker
Ben Rothwell,45,6,27,6.79,0.7,71,0.81,1,Striker
Ben Saunders,85,6,11,3.82,0.5,22.1,0.43,1,Striker
Ben Wall,5,0,0,0,0,7,0.11,0,Grappler
Beneil Dariush,135,0,0,4.31,0.55,2.34,0.02,0,Grappler
Benito Lopez,30,0,0,28,0.92,47,0.72,0,Striker
Benson Henderson,110,9,5,4.55,0.57,27.93,0.58,1,Grappler
Bentley Syler,15,0,0,0,0,23,0.44,0,Grappler
Bethe Correia,90,0,0,13.64,0.84,13.43,0.29,0,Striker
Bevon Lewis,15,0,0,6.13,0.67,53.55,0.76,0,Grappler
Bharat Kandare,5,0,0,0,0,7,0.11,0,Grappler
Bigfoot Silva,5,2,15,0,0,7,0.11,1,Striker
BJ Penn,40,6,7,2.7,0.37,63,0.79,1,Striker
Blagoy Ivanov,25,6,6,5.5,0.63,39,0.67,1,Grappler
Bobby Green,80,0,0,58.27,0.97,1036.84,0.97,0,Striker
Bobby Nash,25,0,0,5.66,0.64,19.13,0.4,0,Grappler
Bobby Voelker,15,0,0,0,0,23,0.44,0,Grappler
Bojan Mihajlovic,30,0,0,7,0.71,45.75,0.71,0,Striker
Bojan Velickovic,90,0,0,5.09,0.61,141.57,0.88,0,Grappler
Boston Salmon,15,0,0,0,0,23,0.44,0,Grappler
Brad Katona,15,0,0,0,0,23,0.44,0,Grappler
Brad Pickett,105,0,0,3.99,0.52,24.23,0.56,0,Grappler
Brad Tavares,145,2,5,12.4,0.83,21.99,0.43,1,Striker
Bradley Scott,75,0,0,13,0.83,24.97,0.56,0,Striker
Brandon Davis,70,0,0,25.9,0.92,49.76,0.75,0,Striker
Brandon Moreno,70,10,2,3.45,0.47,10.56,0.23,1,Grappler
Brandon Thatch,45,0,0,9.93,0.78,217.18,0.91,0,Striker
Brendan O'Reilly,50,0,0,2.35,0.33,15.34,0.36,0,Grappler
Brendan Schaub,20,1,7,1.62,0.23,31,0.59,1,Striker
Brett Johns,65,0,0,1.44,0.21,3.81,0.04,0,Grappler
Brian Camozzi,30,0,0,19.77,0.89,47,0.72,0,Striker
Brian Ebersole,20,0,0,2.74,0.38,29.97,0.59,0,Grappler
Brian Houston,15,0,0,0,0,23,0.44,0,Grappler
Brian Kelleher,55,0,0,5.46,0.63,28.33,0.58,0,Grappler
Brian Ortega,80,7,3,8.33,0.75,47.24,0.74,1,Grappler
Brock Lesnar,15,2,2,0,0,23,0.44,1,Grappler
Bruno Korea,15,0,0,0,0,23,0.44,0,Grappler
Bruno Santos,30,0,0,1.91,0.27,18.28,0.39,0,Grappler
Bryan Barberena,95,0,0,5.26,0.62,10.66,0.23,0,Grappler
Bryan Caraway,70,0,0,7.15,0.72,15.61,0.36,0,Striker
Bryce Mitchell,15,0,0,0,0,23,0.44,0,Grappler
Bubba Bush,20,0,0,4,0.52,31,0.59,0,Grappler
Bubba McDaniel,5,19,9,0,0,7,0.11,1,Grappler
Cain Carrizosa,20,0,0,3,0.42,31,0.59,0,Grappler
Cain Velasquez,20,0,12,28.71,0.93,103.35,0.85,1,Striker
Caio Magalhaes,30,0,0,5.39,0.62,2399,0.99,0,Grappler
Calvin Kattar,45,3,9,9.94,0.78,17.18,0.38,1,Striker
Carla Esparza,115,4,3,1.65,0.24,3.4,0.04,1,Grappler
Carlo Pedersoli,20,0,0,22.63,0.91,47,0.72,0,Striker
Carlos Candelario,15,0,0,0,0,23,0.44,0,Grappler
Carlos Condit,75,13,15,6.93,0.7,117.42,0.86,1,Striker
Carlos Diego Ferreira,5,0,0,0,0,7,0.11,0,Grappler
Carls John De Tomas,25,0,0,2.76,0.39,143.58,0.88,0,Grappler
Casey Kenney,30,0,0,7.57,0.73,28.63,0.58,0,Striker
Cat Zingano,65,3,5,1.38,0.2,6.36,0.1,1,Striker
Cathal Pendred,75,0,0,5.12,0.61,19.4,0.4,0,Grappler
CB Dollaway,80,3,6,2.62,0.36,4.29,0.06,1,Striker
Cesar Arzamendia,10,0,0,5.4,0.62,15,0.3,0,Grappler
Cezar Ferreira,105,0,0,2.27,0.32,2.52,0.02,0,Grappler
Chad Laprise,95,0,0,14.05,0.85,8.12,0.18,0,Striker
Chad Mendes,50,2,8,6.19,0.68,12.78,0.28,1,Striker
Chan Sung Jung,5,8,5,0,0,7,0.11,1,Grappler
Chance Rencountre,15,0,0,0,0,23,0.44,0,Grappler
Chanmi Jeon,30,0,0,126,0.99,47,0.72,0,Striker
Charles Byrd,20,0,0,1.55,0.23,15.49,0.36,0,Grappler
Charles Oliveira,120,18,7,1.9,0.26,7.21,0.16,1,Grappler
Charles Rosa,75,0,0,4.23,0.54,7,0.16,0,Grappler
Charlie Brenneman,20,0,0,2.17,0.31,82.48,0.82,0,Grappler
Charlie Ward,10,0,0,15,0.86,15,0.3,0,Striker
Chas Skelly,100,0,0,2.75,0.38,3.84,0.05,0,Grappler
Chase Sherman,85,0,0,22.34,0.9,149,0.88,0,Striker
Chase Waldon,5,0,0,0,0,7,0.11,0,Grappler
Cheyden Leialoha,15,0,0,0,0,23,0.44,0,Grappler
Chico Camus,75,0,0,3.75,0.49,2999,1,0,Grappler
Chris Avila,30,0,0,37.5,0.95,47,0.72,0,Striker
Chris Beal,70,0,0,3.35,0.46,11.72,0.26,0,Grappler
Chris Camozzi,115,0,0,5.6,0.64,13.91,0.29,0,Grappler
Chris Cariaso,70,0,0,9.95,0.78,53.9,0.76,0,Striker
Chris Clements,20,0,0,28,0.92,31,0.59,0,Striker
Chris de la Rocha,25,0,0,18,0.88,39,0.67,0,Striker
Chris Dempsey,30,0,0,6.04,0.67,101.86,0.85,0,Grappler
Chris Gruetzemacher,50,0,0,6.44,0.69,412.79,0.94,0,Grappler
Chris Heatherly,10,0,0,1.5,0.22,34.82,0.66,0,Grappler
Chris Holdsworth,15,0,0,0,0,23,0.44,0,Grappler
Chris Indich,20,0,0,21.67,0.89,31,0.59,0,Striker
Chris Kelades,60,0,0,1.67,0.24,11.87,0.26,0,Grappler
Chris Wade,85,0,0,2,0.29,4.15,0.05,0,Grappler
Chris Weidman,90,4,6,3.16,0.44,10.19,0.22,1,Striker
Christian Colombo,35,0,0,13.97,0.85,55,0.77,0,Striker
Christina Marks,5,0,0,0,0,7,0.11,0,Grappler
Christos Giagos,35,0,0,2.11,0.3,20.03,0.41,0,Grappler
Cindy Dandois,15,0,0,0,0,23,0.44,0,Grappler
CJ Hamilton,15,0,0,0,0,23,0.44,0,Grappler
Claudia Gadelha,120,7,2,3.5,0.47,3.41,0.04,1,Grappler
Claudio Puelles,25,0,0,11.33,0.81,427.57,0.94,0,Striker
Claudio Silva,35,0,0,1.52,0.22,8.06,0.18,0,Grappler
Clay Collard,60,0,0,9.05,0.77,24.09,0.55,0,Striker
Clay Guida,85,13,7,2.35,0.33,6.86,0.11,1,Grappler
Clint Hester,55,0,0,9.72,0.77,14.9,0.3,0,Striker
CM Punk,20,0,0,1.14,0.18,31,0.59,0,Grappler
Cody Donovan,5,0,0,0,0,7,0.11,0,Grappler
Cody East,15,0,0,62,0.97,104.88,0.85,0,Striker
Cody Garbrandt,85,0,9,10.22,0.79,55.67,0.78,1,Striker
Cody Gibson,45,0,0,5.9,0.66,37.16,0.67,0,Grappler
Cody Pfister,50,0,0,2.05,0.29,6.06,0.1,0,Grappler
Cody Stamann,55,2,6,3.39,0.46,7.58,0.17,1,Striker
Colby Covington,140,5,2,1.45,0.21,1.91,0.01,1,Grappler
Cole Miller,65,0,0,31.32,0.93,74.36,0.81,0,Striker
Colton Smith,5,0,0,0,0,7,0.11,0,Grappler
Conor McGregor,100,1,18,5.8,0.65,13.08,0.28,1,Striker
Corey Anderson,155,0,4,2.95,0.42,4.09,0.05,1,Striker
Cortney Casey,115,3,3,4.91,0.59,20.41,0.42,1,Grappler
Cory Hendricks,15,3,2,0,0,23,0.44,1,Grappler
Cory Sandhagen,20,3,4,4.07,0.53,48.74,0.75,1,Striker
Costas Philippou,25,0,0,101,0.98,39,0.67,0,Striker
Court McGee,65,0,0,3.82,0.5,15.35,0.36,0,Grappler
Craig White,20,0,0,14,0.85,31,0.59,0,Striker
Cris Cyborg,60,0,17,5.06,0.6,41.99,0.7,1,Striker
Cristiano Marcello,15,0,0,0,0,23,0.44,0,Grappler
Cristina Stanciu,20,0,0,4.63,0.57,28.63,0.58,0,Grappler
Cub Swanson,165,0,0,7.61,0.73,15.82,0.36,0,Striker
Cung Le,20,0,8,22,0.9,31,0.59,1,Striker
Curtis Blaydes,85,0,8,1.97,0.28,9.94,0.22,1,Striker
Curtis Millender,25,0,0,17.67,0.88,1499,0.98,0,Striker
Cynthia Calvillo,50,3,2,7.66,0.74,11.49,0.25,1,Grappler
Cyril Asker,30,0,0,1.58,0.23,20.88,0.42,0,Grappler
Cyrille Diabate,5,0,0,0,0,7,0.11,0,Grappler
Daichi Abe,45,0,0,17.06,0.87,1079,0.97,0,Striker
Damian Grabowski,25,0,0,1.67,0.24,39,0.67,0,Grappler
Damian Stasiak,80,0,0,4.42,0.56,4.72,0.07,0,Grappler
Damien Brown,70,0,0,3.29,0.45,41.59,0.7,0,Grappler
Damir Hadzovic,50,0,0,3.94,0.51,79,0.82,0,Grappler
Damon Jackson,30,0,0,4.77,0.58,60.54,0.79,0,Grappler
Dan Henderson,80,1,17,4.23,0.54,361.26,0.93,1,Striker
Dan Hooker,100,7,10,4.53,0.57,12.71,0.27,1,Striker
Dan Ige,35,0,0,4.04,0.53,32.47,0.65,0,Grappler
Dan Miller,15,9,1,0,0,23,0.44,1,Grappler
Dan Moret,10,0,0,0,0,15,0.3,0,Grappler
Daniel Cormier,140,5,10,2.27,0.32,2.34,0.02,1,Striker
Daniel Jolly,15,0,0,2.81,0.4,63.29,0.79,0,Grappler
Daniel Kelly,110,0,0,4.36,0.56,6.33,0.1,0,Grappler
Daniel Omielanczuk,105,0,0,2.92,0.42,63.29,0.79,0,Grappler
Daniel Pineda,15,0,0,0,0,23,0.44,0,Grappler
Daniel Sarafian,20,0,0,13.5,0.84,1599,0.99,0,Striker
Daniel Spitz,30,0,0,21.73,0.89,123.14,0.86,0,Striker
Daniel Spohn,20,0,0,3.33,0.45,87.89,0.83,0,Grappler
Daniel Teymur,30,0,0,7.32,0.72,67.57,0.8,0,Striker
Danielle Taylor,75,0,0,54.65,0.96,119,0.86,0,Striker
Danny Castillo,65,0,0,4.95,0.59,9.12,0.2,0,Grappler
Danny Henry,20,0,0,2.03,0.29,16.39,0.37,0,Grappler
Danny Martinez,60,0,0,13.66,0.84,46.84,0.71,0,Striker
Danny Mitchell,30,0,0,1.19,0.18,19.45,0.4,0,Grappler
Danny Roberts,70,0,0,16.59,0.87,41.64,0.7,0,Striker
Darko Stosic,5,0,0,17,0.87,7,0.11,0,Striker
Daron Cruickshank,85,0,0,4.79,0.58,16.56,0.37,0,Grappler
Darrell Horcher,40,0,0,2.68,0.37,26.27,0.56,0,Grappler
Darrell Montague,20,0,0,11.4,0.81,132.33,0.87,0,Striker
Darren Elkins,145,0,0,2.72,0.38,3.2,0.03,0,Grappler
Darren Stewart,55,0,0,5.95,0.66,33.74,0.65,0,Grappler
Darren Till,95,2,10,4.98,0.6,14.72,0.3,1,Striker
Dashon Johnson,20,0,0,4,0.52,207.7,0.91,0,Grappler
Dave Galera,15,0,0,0,0,23,0.44,0,Grappler
Davey Grant,35,0,0,2.46,0.34,7.53,0.17,0,Grappler
Davi Ramos,35,0,0,13.1,0.84,39.48,0.69,0,Striker
David Branch,30,7,6,5.62,0.64,26.59,0.56,1,Grappler
David Michaud,45,0,0,2.75,0.38,27.72,0.57,0,Grappler
David Teymur,65,0,0,11.12,0.81,89.17,0.83,0,Striker
David Zawada,15,0,0,0,0,23,0.44,0,Grappler
DeAnna Bennett,15,0,0,0,0,23,0.44,0,Grappler
Deiveson Figueiredo,45,5,8,1.83,0.25,6.76,0.11,1,Striker
Demetrious Johnson,180,12,5,3.89,0.51,4.18,0.06,1,Grappler
Demian Maia,180,13,3,1.3,0.19,1.13,0,1,Grappler
Dennis Bermudez,125,0,0,2.91,0.41,4.06,0.05,0,Grappler
Dennis Siver,55,7,7,2.66,0.37,8.52,0.19,1,Grappler
Derek Brunson,85,3,11,2.28,0.32,1.89,0.01,1,Striker
Derrick Lewis,170,1,18,1.97,0.28,4.85,0.07,1,Striker
Desmond Green,75,0,0,12.34,0.82,62.83,0.79,0,Striker
Devin Clark,60,0,0,2.81,0.4,10.21,0.22,0,Grappler
Devin Powell,35,0,0,5.68,0.64,94.45,0.84,0,Grappler
Dhiego Lima,55,0,0,1.49,0.22,6.54,0.11,0,Grappler
Diego Brandao,30,0,0,2.55,0.35,27.35,0.57,0,Grappler
Diego Ferreira,50,0,0,5.21,0.61,49,0.75,0,Grappler
Diego Rivas,55,0,0,1.95,0.27,10.57,0.23,0,Grappler
Diego Sanchez,105,6,10,7.35,0.72,14.76,0.3,1,Striker
Dileno Lopes,30,0,0,3.24,0.45,65.06,0.8,0,Grappler
Dmitrii Smoliakov,15,0,0,4.13,0.53,23,0.44,0,Grappler
Dmitry Sosnovskiy,10,0,0,0,0,15,0.3,0,Grappler
Dom Pilarte,10,0,0,0,0,15,0.3,0,Grappler
Dominic Waters,35,0,0,2.77,0.39,16.21,0.37,0,Grappler
Dominick Cruz,80,1,7,7.28,0.72,68.19,0.8,1,Striker
Dominick Reyes,30,2,6,1.99,0.28,31,0.59,1,Striker
Dominique Steele,65,0,0,2.17,0.31,27.01,0.57,0,Grappler
Donald Cerrone,185,17,10,8.37,0.75,4.52,0.06,1,Grappler
Donavon Frelow,15,0,0,0,0,23,0.44,0,Grappler
Dong Hyun Kim,135,2,9,2.53,0.35,20.39,0.41,1,Striker
Dongi Yang,10,0,0,22,0.9,15,0.3,0,Striker
Don'Tale Mayes,15,0,0,0,0,23,0.44,0,Grappler
Dooho Choi,40,0,0,4.58,0.57,1919,0.99,0,Grappler
Douglas Silva de Andrade,70,0,0,29.59,0.93,73.01,0.81,0,Striker
Drakkar Klose,60,0,0,6.81,0.7,28.36,0.58,0,Grappler
Drew Dober,100,0,0,5.24,0.61,8.75,0.19,0,Grappler
Dustin Kimura,35,0,0,2.52,0.35,55,0.77,0,Grappler
Dustin Ortiz,155,4,8,2.05,0.29,1.71,0.01,1,Striker
Dustin Poirier,120,7,12,5.97,0.66,10.99,0.24,1,Striker
Dylan Andrews,15,0,0,1.36,0.2,81.76,0.82,0,Grappler
Ed Herman,55,13,7,6.01,0.67,46.65,0.71,1,Grappler
Eddie Alvarez,95,6,17,7.16,0.72,18.4,0.4,1,Striker
Eddie Gordon,45,0,0,1.98,0.28,10.51,0.23,0,Grappler
Eddie Wineland,80,0,0,6.35,0.68,39,0.67,0,Grappler
Edgar Garcia,10,0,0,1.47,0.21,32.33,0.64,0,Grappler
Edson Barboza,145,1,12,31.89,0.94,51.41,0.76,1,Striker
Efrain Escudero,65,0,0,2.25,0.31,9.28,0.21,0,Grappler
Elias Garcia,10,0,0,0,0,15,0.3,0,Grappler
Elias Silverio,60,0,0,3.49,0.47,7.1,0.16,0,Grappler
Elias Theodorou,125,0,0,3.67,0.49,11.33,0.25,0,Grappler
Elias Urbina,10,0,0,0,0,15,0.3,0,Grappler
Elizabeth Phillips,60,0,0,6.64,0.69,13.12,0.28,0,Grappler
Elizeu Zaleski dos Santos,90,0,0,12.41,0.83,23.57,0.55,0,Striker
Elvis Mutapcic,40,0,0,4.19,0.54,354.56,0.93,0,Grappler
Emil Meek,45,0,0,2.14,0.3,11.03,0.24,0,Grappler
Emily Peters Kagan,25,0,0,9.42,0.77,39,0.67,0,Striker
Emily Whitmire,20,0,0,4,0.52,599,0.95,0,Grappler
Enrique Barzola,90,0,0,1.87,0.26,2.87,0.03,0,Grappler
Enrique Marin,30,0,0,9.27,0.77,62.16,0.79,0,Striker
Eric Shelton,60,0,0,2.05,0.29,16.89,0.37,0,Grappler
Eric Spicely,45,0,0,1.34,0.2,17.15,0.38,0,Grappler
Erick Montano,35,0,0,5.38,0.62,26.86,0.57,0,Grappler
Erick Silva,95,0,0,2.85,0.41,7.31,0.16,0,Grappler
Ericka Almeida,30,0,0,2.64,0.36,166.44,0.89,0,Grappler
Erik Koch,50,0,0,2.74,0.38,24,0.55,0,Grappler
Erik Perez,55,0,0,2.3,0.32,10.19,0.22,0,Grappler
Ernest Chavez,35,0,0,5.02,0.6,36,0.66,0,Grappler
Eryk Anders,75,0,0,2.49,0.34,12.97,0.28,0,Grappler
Estevan Payan,5,0,0,0,0,7,0.11,0,Grappler
Evan Dunham,95,0,0,8.36,0.75,5.89,0.09,0,Striker
Everett Sims,15,0,0,0,0,23,0.44,0,Grappler
Fabio Maldonado,60,0,0,5.46,0.62,57.54,0.78,0,Grappler
Fabricio Camoes,5,0,0,0,0,7,0.11,0,Grappler
Fabricio Werdum,135,11,6,4.86,0.59,10.99,0.24,1,Grappler
Felice Herrig,105,4,1,3.35,0.46,5.24,0.08,1,Grappler
Felipe Arantes,85,0,0,3.36,0.46,11.84,0.26,0,Grappler
Felipe Olivieri,15,0,0,0,0,23,0.44,0,Grappler
Felipe Silva,25,0,0,3.81,0.5,999,0.97,0,Grappler
Fernando Bruno,30,0,0,3.2,0.44,76.42,0.81,0,Grappler
Filip Pejic,5,0,0,0,0,7,0.11,0,Grappler
Francimar Barroso,105,0,0,3.08,0.44,11.09,0.24,0,Grappler
Francis Carmont,40,0,0,3.45,0.47,341.86,0.93,0,Grappler
Francis Ngannou,80,10,4,7.06,0.71,299,0.92,1,Grappler
Francisco Rivera,65,0,0,10.76,0.8,231.84,0.91,0,Striker
Francisco Trevino,35,0,0,5.93,0.66,70.79,0.81,0,Grappler
Francisco Trinaldo,175,0,0,4.46,0.56,4.54,0.06,0,Grappler
Frank Camacho,55,0,0,21.82,0.9,55.41,0.78,0,Striker
Frank Mir,45,9,5,4.32,0.55,39.6,0.69,1,Grappler
Frankie Edgar,140,4,7,2.06,0.29,3.44,0.04,1,Striker
Frankie Perez,50,0,0,2.85,0.4,47.58,0.74,0,Grappler
Frankie Saenz,110,0,0,3.66,0.49,5.73,0.09,0,Grappler
Fredy Serrano,50,0,0,4,0.52,57.68,0.78,0,Grappler
Gabriel Benitez,70,0,0,4.76,0.58,5.79,0.09,0,Grappler
Gabriel Gonzaga,55,7,9,3.17,0.44,14.07,0.29,1,Striker
Gadzhimurad Antigulov,15,0,0,1.33,0.2,65.67,0.8,0,Grappler
Galore Bofando,10,0,0,5,0.6,15,0.3,0,Grappler
Garett Whiteley,30,0,0,2.87,0.41,104.88,0.85,0,Grappler
Garreth McLellan,60,0,0,1.49,0.22,115.6,0.86,0,Grappler
Gasan Umalatov,60,0,0,7.41,0.73,29.16,0.58,0,Striker
Gavin Tucker,30,0,0,168,0.99,47,0.72,0,Striker
Geane Herrera,55,0,0,3.1,0.44,137.95,0.88,0,Grappler
Gegard Mousasi,120,12,26,2.32,0.33,2.6,0.02,1,Striker
Geoff Neal,20,0,0,4.21,0.54,479,0.95,0,Grappler
George Roop,35,0,0,2.13,0.3,55,0.77,0,Grappler
George Sullivan,75,0,0,3.41,0.46,6.46,0.1,0,Grappler
Georges St. Pierre,15,8,6,0,0,23,0.44,1,Grappler
Gerald Meerschaert,40,0,0,4.31,0.55,56.49,0.78,0,Grappler
Germaine de Randamie,40,0,4,206,0.99,1599,0.99,1,Striker
Gian Villante,145,0,0,12.13,0.82,14.33,0.3,0,Striker
Gilbert Burns,95,0,0,5.48,0.63,5.32,0.08,0,Grappler
Gilbert Melendez,55,0,12,10.56,0.79,92.62,0.83,1,Striker
Gillian Robertson,20,0,0,1.95,0.27,18.79,0.4,0,Grappler
Gina Mazany,35,0,0,1.93,0.27,35.76,0.66,0,Grappler
Glaico Franca,30,0,0,2.24,0.31,8.61,0.19,0,Grappler
Glaico Franca Moreira,15,0,0,0,0,23,0.44,0,Grappler
Gleison Tibau,75,0,0,4.04,0.53,9.93,0.22,0,Grappler
Glover Teixeira,135,8,17,3.18,0.44,4.36,0.06,1,Striker
Godofredo Pepey,55,0,0,2.4,0.33,33.65,0.65,0,Grappler
Gokhan Saki,10,0,0,66,0.98,299,0.92,0,Striker
Gray Maynard,80,0,2,3.05,0.43,14.23,0.3,1,Striker
Greg Rebello,10,0,0,0,0,15,0.3,0,Grappler
Gregor Gillespie,45,5,6,1.48,0.22,3.84,0.05,1,Striker
Guido Cannetti,45,0,0,5.31,0.62,30.44,0.59,0,Grappler
Guilherme Vasconcelos,15,0,0,0,0,23,0.44,0,Grappler
Gunnar Nelson,85,12,4,2.5,0.35,16.82,0.37,1,Grappler
Guto Inocente,10,0,0,10,0.78,15,0.3,0,Striker
Hacran Dias,90,0,0,3.7,0.49,7.23,0.16,0,Grappler
Hakeem Dawodu,20,0,0,3,0.42,1599,0.99,0,Grappler
Hans Stringer,30,0,0,1.95,0.28,11.73,0.26,0,Grappler
Hatsu Hioki,35,0,0,2.88,0.41,10.06,0.22,0,Grappler
Hayder Hassan,15,0,0,7.5,0.73,23,0.44,0,Striker
Heather Jo Clark,45,0,0,6.64,0.69,513.29,0.95,0,Grappler
Hector Aldana,10,0,0,0,0,15,0.3,0,Grappler
Hector Lombard,105,4,22,3.07,0.43,49.4,0.75,1,Striker
Hector Sandoval,30,0,0,3.86,0.5,58.5,0.78,0,Grappler
Hector Urbina,25,0,0,3,0.42,42.8,0.7,0,Grappler
Henrique da Silva,55,0,0,4,0.52,17.62,0.39,0,Grappler
Henry Briones,60,0,0,8.32,0.75,179,0.9,0,Striker
Henry Cejudo,130,0,7,6.01,0.67,7.24,0.16,1,Striker
Hernani Perpetuo,30,0,0,9.9,0.78,174.61,0.9,0,Striker
Holly Holm,170,0,8,42.25,0.95,186.16,0.9,1,Striker
Horacio Gutierrez,20,0,0,9,0.76,31,0.59,0,Striker
Hu Yaozong,10,0,0,0,0,15,0.3,0,Grappler
Hugo Viana,45,0,0,65.25,0.97,1349,0.98,0,Striker
Humberto Bandenay,10,0,0,3.5,0.47,15,0.3,0,Grappler
Humberto Brown Morrison,5,0,0,0,0,7,0.11,0,Grappler
Hyun Gyu Lim,60,0,0,17.82,0.88,116.07,0.86,0,Striker
Ian Entwistle,15,0,0,1.54,0.23,23,0.44,0,Grappler
Ian McCall,30,0,0,3.83,0.5,44.86,0.71,0,Grappler
Igor Araujo,40,0,0,1.07,0.17,7.16,0.16,0,Grappler
Igor Pokrajac,20,0,0,7,0.71,31,0.59,0,Striker
Ildemar Alcantara,60,0,0,2.94,0.42,16.72,0.37,0,Grappler
Ilir Latifi,70,4,6,3.23,0.44,36.75,0.67,1,Striker
Ion Cutelaba,55,0,0,19.25,0.88,22.57,0.43,0,Striker
Irene Aldana,60,3,5,15.52,0.86,137.46,0.87,1,Striker
Isaac Vallie-Flagg,45,0,0,5.86,0.66,359,0.93,0,Grappler
Islam Makhachev,55,7,3,1.66,0.24,2.28,0.02,1,Grappler
Israel Adesanya,50,0,13,80.5,0.98,79,0.82,1,Striker
Iuri Alcantara,130,0,0,2.64,0.37,5.7,0.09,0,Grappler
Ivan Jorge,35,0,0,8.7,0.76,32.4,0.65,0,Striker
Ivan Menjivar,15,0,0,0,0,23,0.44,0,Grappler
Izabela Badurek,10,0,0,0,0,15,0.3,0,Grappler
Jacare Souza,90,14,8,1.66,0.24,1.46,0,1,Grappler
Jack Hermansson,55,5,11,4.45,0.56,13.19,0.28,1,Striker
Jack Marshman,40,0,0,6.42,0.68,639,0.96,0,Grappler
Jack May,20,0,0,1,0.17,46.06,0.71,0,Grappler
Jake Collier,70,0,0,10.99,0.81,15.86,0.36,0,Striker
Jake Ellenberger,80,4,21,10.01,0.79,27.03,0.57,1,Striker
Jake Lindsey,30,0,0,4.87,0.59,47,0.72,0,Grappler
Jake Matthews,110,0,0,1.88,0.26,2.79,0.03,0,Grappler
Jake Shields,15,12,3,0,0,23,0.44,1,Grappler
Jalin Turner,5,0,0,0,0,7,0.11,0,Grappler
Jamelle Jones,5,0,0,0,0,7,0.11,0,Grappler
James Bochnovic,15,0,0,3.18,0.44,23,0.44,0,Grappler
James Gray,5,0,0,0,0,7,0.11,0,Grappler
James Krause,95,0,0,8.63,0.76,20.46,0.42,0,Striker
James Moontasri,65,0,0,1.71,0.25,6.23,0.1,0,Grappler
James Mulheron,15,0,0,0,0,23,0.44,0,Grappler
James Te Huna,10,0,0,2.63,0.36,341.86,0.93,0,Grappler
James Vick,105,0,0,13.88,0.85,37.47,0.67,0,Striker
Jamie Colleen,15,0,0,0,0,23,0.44,0,Grappler
Jamie Moyle,45,0,0,4.48,0.57,31.34,0.64,0,Grappler
Jamie Pickett,5,0,0,0,0,7,0.11,0,Grappler
Jamie Varner,20,0,0,4.78,0.58,23.49,0.55,0,Grappler
Jan Blachowicz,130,9,6,3.35,0.46,8.54,0.19,1,Grappler
Jared Cannonier,75,2,8,6.27,0.68,52.89,0.76,1,Striker
Jared Gordon,30,0,0,1.82,0.25,8.76,0.19,0,Grappler
Jared Rosholt,95,0,0,1.37,0.2,7.04,0.16,0,Grappler
Jarjis Danho,30,0,0,108,0.99,47,0.72,0,Striker
Jarred Brooks,55,0,0,2.4,0.34,11.12,0.24,0,Grappler
Jason Gonzalez,20,0,0,78,0.98,532.33,0.95,0,Striker
Jason High,10,0,0,0,0,15,0.3,0,Grappler
Jason Jackson,10,0,0,0,0,15,0.3,0,Grappler
Jason Knight,105,0,0,4.27,0.55,9.46,0.21,0,Grappler
Jason Novelli,25,0,0,29,0.93,39,0.67,0,Striker
Jason Saggo,65,0,0,1.69,0.24,8.18,0.18,0,Grappler
Jay Cucciniello,15,0,0,0,0,23,0.44,0,Grappler
JC Cottrell,20,0,0,3.25,0.45,54.81,0.77,0,Grappler
Jeff Hughes,5,1,4,7,0.71,7,0.11,1,Striker
Jenel Lausa,55,0,0,3.53,0.48,60.11,0.79,0,Grappler
Jennifer Maia,15,4,4,0,0,23,0.44,1,Grappler
Jeremy Kennedy,55,0,0,1.86,0.26,7.33,0.16,0,Grappler
Jeremy Kimball,20,0,0,3.71,0.49,94.05,0.84,0,Grappler
Jeremy Stephens,170,2,19,12.42,0.83,25.24,0.56,1,Striker
Jerrod Sanders,35,0,0,1.17,0.18,15.41,0.36,0,Grappler
Jessamyn Duke,35,0,0,20.22,0.89,189.91,0.91,0,Striker
Jesse Ronson,30,0,0,64.5,0.97,47,0.72,0,Striker
Jesse Taylor,10,0,0,0,0,15,0.3,0,Grappler
Jessica Aguilar,45,0,0,5.92,0.66,30.3,0.59,0,Grappler
Jessica Andrade,140,7,7,3.09,0.44,3.27,0.04,1,Grappler
Jessica Eye,115,1,3,8.84,0.76,19.35,0.4,1,Striker
Jessica Penne,55,0,0,2.47,0.34,10.15,0.22,0,Grappler
Jessica Rakoczy,15,0,0,0,0,23,0.44,0,Grappler
Jessica-Rose Clark,45,0,0,5.76,0.65,12.47,0.27,0,Grappler
Jessin Ayari,30,0,0,58,0.97,47,0.72,0,Striker
Ji Yeon Kim,45,0,0,55.2,0.96,111.5,0.86,0,Striker
Jianping Yang,15,0,0,0,0,23,0.44,0,Grappler
Jim Alers,50,0,0,2.75,0.39,60.22,0.79,0,Grappler
Jim Miller,160,16,4,5.03,0.6,5.06,0.07,1,Grappler
Jimi Manuwa,70,1,15,28.49,0.93,5599,1,1,Striker
Jimmie Rivera,85,2,4,28.52,0.93,82.95,0.82,1,Striker
Jimmy Wallhead,25,0,0,15.78,0.86,374,0.94,0,Striker
Jimy Hettes,20,0,0,3.83,0.5,95,0.84,0,Grappler
Jin Soo Son,15,0,0,0,0,23,0.44,0,Grappler
JJ Aldrich,60,0,0,10.63,0.8,166.44,0.89,0,Striker
Joachim Christensen,35,0,0,3.71,0.49,19.59,0.41,0,Grappler
Joanna Jedrzejczyk,200,1,4,29.1,0.93,45.2,0.71,1,Striker
Joanne Calderwood,75,1,5,4.01,0.52,4.66,0.07,1,Striker
Joaquim Silva,50,0,0,10.42,0.79,152.85,0.89,0,Striker
Joby Sanchez,70,0,0,5.88,0.66,8.88,0.2,0,Grappler
Jocelyn Jones-Lybarger,45,0,0,25.05,0.91,250.16,0.91,0,Striker
Jodie Esquibel,30,0,0,35.2,0.94,47,0.72,0,Striker
Joe Duffy,55,0,0,7.26,0.72,285.96,0.92,0,Striker
Joe Ellenberger,30,4,8,1.18,0.18,29.38,0.59,1,Striker
Joe Giannetti,15,0,0,0,0,23,0.44,0,Grappler
Joe Gigliotti,20,0,0,5.71,0.64,110.63,0.85,0,Grappler
Joe Lauzon,105,17,8,3.88,0.51,6.03,0.09,1,Grappler
Joe Merritt,15,0,0,0,0,23,0.44,0,Grappler
Joe Proctor,55,0,0,20.45,0.89,168.23,0.9,0,Striker
Joe Riggs,35,0,0,2.07,0.3,17.26,0.38,0,Grappler
Joe Soto,90,0,0,5.98,0.67,20.32,0.41,0,Grappler
Joey Gomez,40,0,0,12.36,0.82,639,0.96,0,Striker
John Castaneda,15,0,0,0,0,23,0.44,0,Grappler
John Dodson,140,2,9,10.94,0.81,52.76,0.76,1,Striker
John Gunther,15,0,0,0,0,23,0.44,0,Grappler
John Hathaway,15,0,0,0,0,23,0.44,0,Grappler
John Howard,60,0,0,5.01,0.6,23.83,0.55,0,Grappler
John Lineker,140,0,0,7.64,0.74,23.23,0.55,0,Striker
John Makdessi,95,0,0,11.04,0.81,48.03,0.75,0,Striker
John Moraga,140,0,0,4.01,0.52,8.05,0.18,0,Grappler
John Phillips,5,0,0,0,0,7,0.11,0,Grappler
Johnny Bedford,20,0,0,5.75,0.65,31,0.59,0,Grappler
Johnny Case,85,0,0,2.96,0.42,5.55,0.08,0,Grappler
Johnny Eduardo,40,0,0,6.59,0.69,532.33,0.95,0,Grappler
Johny Hendricks,135,1,8,6.6,0.69,4.01,0.05,1,Striker
Jon Delos Reyes,30,0,0,2.32,0.33,14.86,0.3,0,Grappler
Jon Jones,90,6,10,17.99,0.88,84.04,0.82,1,Striker
Jon Tuck,85,0,0,3.81,0.5,7.54,0.17,0,Grappler
Jonathan Meunier,30,0,0,1.58,0.23,1799,0.99,0,Grappler
Jonathan Wilson,45,0,0,12.83,0.83,66.92,0.8,0,Striker
Jonavin Webb,30,0,0,3.33,0.45,47,0.72,0,Grappler
Jordan Espinosa,20,7,2,7,0.71,31,0.59,1,Grappler
Jordan Johnson,55,0,0,2.6,0.36,7.18,0.16,0,Grappler
Jordan Mein,90,0,0,4.18,0.54,8.3,0.18,0,Grappler
Jordan Rinaldi,25,0,0,2.59,0.36,15.57,0.36,0,Grappler
Jorge de Oliveira,20,0,0,3.93,0.51,31,0.59,0,Grappler
Jorge Masvidal,165,2,15,5.85,0.65,4.5,0.06,1,Striker
Jose Aldo,115,1,17,11.58,0.82,14.19,0.3,1,Striker
Jose Flores,10,0,0,0,0,15,0.3,0,Grappler
Jose Quinonez,65,0,0,3.42,0.46,17.53,0.38,0,Grappler
Jose Torres,15,0,0,7.22,0.72,162.64,0.89,0,Striker
Joseph Benavidez,95,9,8,6.94,0.71,9.88,0.22,1,Grappler
Joseph Morales,15,0,0,1.3,0.19,84.71,0.83,0,Grappler
Josh Appelt,5,0,0,0,0,7,0.11,0,Grappler
Josh Barnett,50,19,10,36.47,0.94,79,0.82,1,Grappler
Josh Copeland,30,0,0,56,0.96,47,0.72,0,Striker
Josh Emmett,75,2,6,8.85,0.76,28.41,0.58,1,Striker
Josh Koscheck,15,4,6,7.86,0.74,149,0.88,1,Striker
Josh Samman,40,0,0,1.67,0.24,19.25,0.4,0,Grappler
Josh Sampo,5,0,0,2.48,0.34,7,0.11,0,Grappler
Josh Shockley,20,0,0,2.86,0.41,31,0.59,0,Grappler
Josh Stansbury,35,0,0,2.26,0.32,13.41,0.29,0,Grappler
Josh Thomson,55,9,7,4.29,0.55,17.01,0.37,1,Grappler
Joshua Burkman,105,0,0,17.2,0.87,44.49,0.71,0,Striker
Joshua Sampo,30,0,0,2.67,0.37,47,0.72,0,Grappler
JP Buys,10,0,0,0,0,15,0.3,0,Grappler
Juan Puig,10,0,0,51,0.96,15,0.3,0,Striker
Julian Erosa,25,0,0,11.36,0.81,55.07,0.78,0,Striker
Julian Marquez,35,0,0,2.58,0.36,42.98,0.7,0,Grappler
Juliana Lima,100,0,0,2.22,0.31,3.75,0.04,0,Grappler
Julianna Pena,45,3,3,1.34,0.2,5.87,0.09,1,Grappler
Julio Arce,40,0,0,15.06,0.86,116.07,0.86,0,Striker
Jumabieke Tuerxun,35,0,0,3.91,0.51,76.06,0.81,0,Grappler
Junior Albini,25,0,0,31,0.93,39,0.67,0,Striker
Junior Dos Santos,90,1,15,26.92,0.92,127.57,0.87,1,Striker
Junior Hernandez,15,0,0,0,0,23,0.44,0,Grappler
Jussier Formiga,115,10,0,2.43,0.34,4.75,0.07,1,Grappler
Justin Edwards,30,0,0,15.4,0.86,275.92,0.92,0,Striker
Justin Gaethje,50,1,17,121.5,0.99,999,0.97,1,Striker
Justin Jones,30,0,0,36.5,0.94,47,0.72,0,Striker
Justin Ledet,50,0,0,47.39,0.96,99,0.84,0,Striker
Justin Salas,20,0,0,4.73,0.58,1199,0.97,0,Grappler
Justin Scoggins,105,0,0,2.52,0.35,2.56,0.02,0,Grappler
Justin Willis,35,0,0,4.17,0.54,26.1,0.56,0,Grappler
Justine Kish,60,0,0,5.19,0.61,18.26,0.39,0,Grappler
K.J. Noons,35,0,9,12.55,0.83,2099,0.99,1,Striker
Kailin Curran,90,0,0,4.95,0.6,15.19,0.35,0,Grappler
Kajan Johnson,95,0,0,4.07,0.53,14.09,0.29,0,Grappler
Kalindra Faria,25,0,0,2.83,0.4,121.45,0.86,0,Grappler
Kamaru Usman,115,1,6,1.88,0.26,2.01,0.01,1,Striker
Karine Gevorgyan,5,0,0,0,0,7,0.11,0,Grappler
Karl Roberson,15,0,0,2.69,0.37,49.7,0.75,0,Grappler
Karolina Kowalkiewicz,110,2,1,10.32,0.79,16.27,0.37,1,Grappler
Katlyn Chookagian,75,1,2,10.92,0.8,150.26,0.89,1,Striker
Katsunori Kikuno,40,0,0,2.84,0.4,3.9,0.05,0,Grappler
Kazuki Tokudome,25,0,0,1.23,0.19,13.96,0.29,0,Grappler
Keita Nakamura,85,0,0,2.52,0.35,10.72,0.23,0,Grappler
Keith Berish,20,0,0,1,0.17,31,0.59,0,Grappler
Kelly Faszholz,30,0,0,55.67,0.96,1199,0.97,0,Striker
Kelly McGill,15,0,0,0,0,23,0.44,0,Grappler
Kelvin Gastelum,155,4,6,7.54,0.73,6.41,0.1,1,Striker
Kennedy Nzechukwu,15,0,0,0,0,23,0.44,0,Grappler
Kenny Robertson,55,0,0,1.71,0.25,5.81,0.09,0,Grappler
Ketlen Vieira,55,4,2,4.15,0.54,8.79,0.19,1,Grappler
Kevin Aguilar,15,0,0,0,0,23,0.44,0,Grappler
Kevin Casey,65,0,0,2.2,0.31,11.86,0.26,0,Grappler
Kevin Gray,5,5,0,0,0,7,0.11,1,Grappler
Kevin Holland,15,0,0,0,0,23,0.44,0,Grappler
Kevin Lee,155,8,2,2.89,0.41,2.5,0.02,1,Grappler
Kevin Souza,25,0,0,351,1,39,0.67,0,Striker
Khabib Nurmagomedov,100,9,8,1.48,0.22,3.12,0.03,1,Grappler
Khalid Murtazaliev,10,0,0,22,0.9,15,0.3,0,Striker
Khalid Taha,15,0,0,0,0,23,0.44,0,Grappler
Khalil Rountree,20,0,0,1.95,0.27,31,0.59,0,Grappler
Khalil Rountree Jr.,30,0,0,3.25,0.45,1799,0.99,0,Grappler
Kiichi Kunimoto,55,0,0,3.61,0.48,30.06,0.59,0,Grappler
Konstantin Erokhin,30,0,0,14.33,0.85,188.47,0.91,0,Striker
Krzysztof Jotko,115,0,0,4.78,0.58,10.22,0.22,0,Grappler
Kurt Holobaugh,20,0,0,103,0.99,31,0.59,0,Striker
Kwan Ho Kwak,20,0,0,134,0.99,31,0.59,0,Striker
Kyle Bochniak,75,0,0,10.81,0.8,76.92,0.81,0,Striker
Kyle Kingsbury,15,0,0,0,0,23,0.44,0,Grappler
Kyle Noke,75,0,0,3.36,0.46,49,0.75,0,Grappler
Kyle Stewart,10,0,0,5.5,0.63,15,0.3,0,Grappler
Kyler Phillips,5,1,4,7,0.71,7,0.11,1,Striker
Kyoji Horiguchi,105,0,0,4.04,0.53,15.25,0.35,0,Grappler
Kyung Ho Kang,50,11,2,1.32,0.19,0.04,0,1,Grappler
Lance Benoist,15,0,0,0,0,23,0.44,0,Grappler
Lando Vannata,60,0,0,14.09,0.85,2.82,0.03,0,Striker
Larissa Pacheco,15,0,0,1.8,0.25,23,0.44,0,Grappler
Lauren Mueller,30,0,0,8.64,0.76,174.61,0.9,0,Striker
Lauren Murphy,90,0,7,2.12,0.3,11.1,0.24,1,Striker
Lazar Stojadinovic,10,0,0,0,0,15,0.3,0,Grappler
Leandro Issa,65,0,0,2.75,0.39,8.98,0.2,0,Grappler
Leandro Silva,90,0,0,3.15,0.44,5.7,0.09,0,Grappler
Leo Kuntz,25,0,0,10,0.78,1999,0.99,0,Striker
Leon Edwards,150,3,6,3.28,0.45,4.96,0.07,1,Striker
Leonardo Augusto Leleco,30,0,0,2.28,0.32,47,0.72,0,Grappler
Leonardo Mafra,30,0,0,2.72,0.38,22.04,0.43,0,Grappler
Leonardo Morales,20,0,0,4.4,0.56,27.57,0.57,0,Grappler
Leonardo Santos,60,0,0,4.48,0.57,11.18,0.25,0,Grappler
Leslie Smith,75,0,0,44.43,0.96,2570.43,0.99,0,Striker
Levan Makashvili,45,0,0,1.91,0.27,24.12,0.55,0,Grappler
Lewis Gonzalez,15,0,0,0,0,23,0.44,0,Grappler
Li Jingliang,115,0,0,5.53,0.63,186.12,0.9,0,Grappler
Lina Lansberg,65,0,4,12.63,0.83,59.47,0.78,1,Striker
Lipeng Zhang,30,0,0,1.25,0.19,74,0.81,0,Grappler
Lisa Ellis,15,0,0,0.91,0.17,29.64,0.59,0,Grappler
Liu Pingyuan,15,0,0,0,0,23,0.44,0,Grappler
Livinha Souza,5,0,0,0,0,7,0.11,0,Grappler
Liz Carmouche,75,2,6,2.77,0.39,8.65,0.19,1,Striker
Lorenz Larkin,85,0,0,13.61,0.84,43.25,0.7,0,Striker
Louis Gaudinot,20,0,0,9,0.76,31,0.59,0,Striker
Louis Smolka,130,0,0,2.95,0.42,4.59,0.06,0,Grappler
Luan Chagas,50,0,0,6.72,0.69,24.7,0.56,0,Grappler
Lucas Martins,55,0,0,35.61,0.94,2199,0.99,0,Striker
Lucie Pudilova,60,0,0,11.57,0.82,31.88,0.64,0,Striker
Luigi Vendramini,10,0,0,0,0,15,0.3,0,Grappler
Luis Gomez Alvarez,15,0,0,0,0,23,0.44,0,Grappler
Luis Henrique,80,0,0,1.47,0.21,8,0.17,0,Grappler
Luis Pena,5,0,0,0,0,7,0.11,0,Grappler
Luiz Dutra,10,0,0,25,0.91,15,0.3,0,Striker
Lukasz Sajewski,30,0,0,75,0.98,47,0.72,0,Striker
Luke Barnatt,50,0,0,57.47,0.97,154.84,0.89,0,Striker
Luke Jumeau,45,0,0,16.94,0.87,2699,1,0,Striker
Luke Rockhold,80,8,6,2.06,0.3,6.14,0.1,1,Grappler
Luke Sanders,45,2,7,2.56,0.36,18.35,0.39,1,Striker
Luke Zachrich,25,0,0,248,1,39,0.67,0,Striker
Lyman Good,25,0,0,5.75,0.65,199,0.91,0,Grappler
Lyoto Machida,120,2,11,13.35,0.84,19.48,0.41,1,Striker
Mackenzie Dern,20,0,0,7.84,0.74,46.06,0.71,0,Striker
Mads Burnell,45,0,0,1.88,0.26,33.56,0.65,0,Grappler
Magnus Cedenblad,45,0,0,1.5,0.22,4.76,0.07,0,Grappler
Magomed Ankalaev,20,0,0,1.87,0.26,15.3,0.35,0,Grappler
Magomed Bibulatov,20,0,0,1.54,0.23,10.5,0.23,0,Grappler
Magomed Mustafaev,25,0,0,7.35,0.73,1199,0.97,0,Striker
Maia Stevenson,5,0,0,0,0,7,0.11,0,Grappler
Mairbek Taisumov,80,9,15,4.34,0.55,127,0.87,1,Striker
Makwan Amirkhani,55,0,0,1.14,0.18,9.05,0.2,0,Grappler
Manny Bermudez,15,0,0,1.34,0.2,31.73,0.64,0,Grappler
Manny Vazquez,15,0,0,0,0,23,0.44,0,Grappler
Manvel Gamburyan,55,0,0,3.88,0.51,14.17,0.29,0,Grappler
Mara Romero Borella,20,4,3,1.06,0.17,29,0.58,1,Grappler
Marc Diakiese,75,1,6,3.91,0.51,12.14,0.27,1,Striker
Marcel Fortuna,35,0,0,58.67,0.97,55,0.77,0,Striker
Marcelo Golm,20,0,0,1.84,0.25,31,0.59,0,Grappler
Marcelo Guimaraes,25,0,0,19.33,0.88,544.45,0.95,0,Striker
Marcin Bandel,15,0,0,7,0.71,23,0.44,0,Striker
Marcin Held,60,0,0,3.35,0.45,10.77,0.24,0,Grappler
Marcin Prachnio,10,0,0,45,0.96,15,0.3,0,Striker
Marcin Tybura,110,6,7,3.48,0.47,9.85,0.21,1,Striker
Marcin Wrzosek,15,0,0,0,0,23,0.44,0,Grappler
Marcio Alexandre,15,0,0,0,0,23,0.44,0,Grappler
Marcio Alexandre Junior,30,0,0,4.89,0.59,174.61,0.9,0,Grappler
Marco Beltran,70,4,4,2.79,0.4,93.38,0.83,1,Grappler
Marcos Rogerio de Lima,40,0,0,1.91,0.27,11.72,0.26,0,Grappler
Marcus Brimage,40,0,0,26.7,0.92,134.21,0.87,0,Striker
Marina Rodriguez,15,0,0,0,0,23,0.44,0,Grappler
Marion Reneau,120,3,5,5.57,0.63,20.08,0.41,1,Striker
Mark Bocek,15,0,0,0,0,23,0.44,0,Grappler
Mark Cherico,5,0,0,0,0,7,0.11,0,Grappler
Mark De La Rosa,20,0,0,2,0.29,159,0.89,0,Grappler
Mark Eddiva,45,0,0,4.16,0.54,11.31,0.25,0,Grappler
Mark Godbeer,35,0,0,24.29,0.91,55,0.77,0,Striker
Mark Hunt,125,0,10,10.58,0.8,35.72,0.66,1,Striker
Mark Munoz,25,0,7,1.46,0.21,749,0.96,1,Striker
Markus Perez,35,0,0,3.02,0.43,42.64,0.7,0,Grappler
Marlon Moraes,40,6,10,42.88,0.95,134.21,0.87,1,Striker
Marlon Vera,115,8,4,3.54,0.48,21.62,0.43,1,Grappler
Martin Bravo,30,0,0,32.63,0.94,47,0.72,0,Striker
Martin Svensson,10,0,0,0,0,15,0.3,0,Grappler
Marvin Vettori,65,8,2,2.84,0.4,9.78,0.21,1,Grappler
Maryna Moroz,80,5,1,7.29,0.72,58.81,0.78,1,Grappler
Masanori Kanehara,40,0,0,2.03,0.29,9.11,0.2,0,Grappler
Masio Fullen,35,0,0,22.64,0.91,84.71,0.83,0,Striker
Matheus Nicolau,50,0,0,2.76,0.39,11.48,0.25,0,Grappler
Mats Nilsson,20,0,0,64,0.97,31,0.59,0,Striker
Matt Bessette,35,0,0,282,1,55,0.77,0,Striker
Matt Brown,100,6,13,4.11,0.53,15.32,0.36,1,Striker
Matt Dwyer,40,0,0,10.7,0.8,959,0.97,0,Striker
Matt Frevola,15,0,0,2.64,0.36,17.14,0.38,0,Grappler
Matt Hobar,35,0,0,1.7,0.24,15.29,0.35,0,Grappler
Matt Mitrione,35,0,0,8.33,0.75,181.61,0.9,0,Striker
Matt Sayles,15,0,0,0,0,23,0.44,0,Grappler
Matt Schnell,40,0,0,6.06,0.67,50.34,0.75,0,Grappler
Matt Van Buren,20,0,0,10,0.78,31,0.59,0,Striker
Matt Wiman,15,0,0,0,0,23,0.44,0,Grappler
Matthew Lopez,60,0,0,1.91,0.27,4.59,0.07,0,Grappler
Mauricio Rua,70,1,21,3.7,0.49,21.92,0.43,1,Striker
Max Griffin,65,0,0,4.2,0.54,399,0.94,0,Grappler
Max Holloway,155,2,10,8.75,0.76,5.24,0.08,1,Striker
Maximo Blanco,60,0,8,4.4,0.56,8.16,0.18,1,Striker
Maycee Barber,15,2,4,6.5,0.69,23,0.44,1,Striker
Mayra Bueno Silva,5,0,0,0,0,7,0.11,0,Grappler
Megan Anderson,15,0,0,0,0,23,0.44,0,Grappler
Mehdi Baghdad,20,0,0,3,0.42,31,0.59,0,Grappler
Melinda Fabian,30,0,0,87.5,0.98,47,0.72,0,Striker
Melvin Guillard,15,2,21,0,0,23,0.44,1,Striker
Merab Dvalishvili,45,0,0,4.86,0.59,31.43,0.64,0,Grappler
Michael Bisping,170,3,17,25.28,0.92,88.28,0.83,1,Striker
Michael Chiesa,75,11,0,1.88,0.26,2.42,0.02,1,Grappler
Michael Cora,15,0,0,0,0,23,0.44,0,Grappler
Michael Graves,40,0,0,1.39,0.2,10.97,0.24,0,Grappler
Michael Johnson,115,2,8,43.16,0.95,53.44,0.76,1,Striker
Michael McBride,25,0,0,1.76,0.25,221.22,0.91,0,Grappler
Michael McDonald,15,0,0,4.67,0.57,359,0.93,0,Grappler
Michael Trizano,15,0,0,0,0,23,0.44,0,Grappler
Michal Oleksiejczuk,15,0,0,0,0,23,0.44,0,Grappler
Michel Prazeres,125,11,1,3,0.43,8.61,0.19,1,Grappler
Michel Quinones,25,0,0,79,0.98,39,0.67,0,Striker
Michelle Waterson,75,9,3,2.27,0.32,4.08,0.05,1,Grappler
Michinori Tanaka,75,6,0,1.7,0.24,8.39,0.18,1,Grappler
Mickael Lebout,45,0,0,6.8,0.7,27.02,0.57,0,Grappler
Mickey Gall,40,5,0,1.08,0.18,9,0.2,1,Grappler
Miesha Tate,105,7,3,2.64,0.37,4.45,0.06,1,Grappler
Mike de la Torre,55,5,7,19.42,0.89,506.69,0.95,1,Striker
Mike Easton,30,0,0,19.33,0.88,47,0.72,0,Striker
Mike Jackson,20,0,0,6,0.67,31,0.59,0,Grappler
Mike King,10,0,0,0,0,15,0.3,0,Grappler
Mike Perry,95,0,11,5.94,0.66,20.89,0.42,1,Striker
Mike Pierce,15,0,0,0,0,23,0.44,0,Grappler
Mike Pyle,70,16,7,3.59,0.48,11.28,0.25,1,Grappler
Mike Rhodes,35,0,0,25.13,0.91,465.67,0.94,0,Striker
Mike Rio,10,0,0,0,0,15,0.3,0,Grappler
Mike Rodriguez,20,0,0,10,0.78,31,0.59,0,Striker
Mike Santiago,35,0,0,4.85,0.59,33.43,0.65,0,Grappler
Mike Swick,15,3,8,0,0,23,0.44,1,Striker
Mike Wilkinson,20,0,0,2.29,0.32,31,0.59,0,Grappler
Milana Dudieva,35,0,0,1.67,0.24,67.85,0.8,0,Grappler
Minotauro Nogueira,20,21,3,37,0.95,31,0.59,1,Grappler
Mirko Cro Cop,15,4,30,22,0.9,23,0.44,1,Striker
Mirsad Bektic,80,3,6,1.41,0.21,1.68,0.01,1,Striker
Misha Cirkunov,45,8,4,2.31,0.33,7.93,0.17,1,Grappler
Mitch Clarke,40,0,0,5.71,0.64,63,0.79,0,Grappler
Mitch Gagnon,50,0,0,4.35,0.55,79,0.82,0,Grappler
Mizuto Hirota,60,0,10,2.85,0.41,11.39,0.25,1,Striker
Molly McCann,10,0,0,0,0,15,0.3,0,Grappler
Montana De La Rosa,20,8,0,19,0.88,31,0.59,1,Grappler
Montel Jackson,15,0,0,0,0,23,0.44,0,Grappler
Muslim Salikhov,20,0,0,27,0.92,31,0.59,0,Striker
Myles Jury,65,3,10,4.68,0.57,17.8,0.39,1,Striker
Nad Narimani,15,0,0,0,0,23,0.44,0,Grappler
Nadia Kassem,15,0,0,0,0,23,0.44,0,Grappler
Nam Phan,15,6,8,0,0,23,0.44,1,Striker
Naoki Inoue,30,0,0,1.52,0.22,14.03,0.29,0,Grappler
Naoyuki Kotani,35,0,0,3.64,0.49,139,0.88,0,Grappler
Nasrat Haqparast,30,0,0,4.95,0.59,125.32,0.87,0,Grappler
Nate Diaz,65,11,5,9.18,0.77,820.05,0.97,1,Grappler
Nate Marquardt,100,14,13,4.24,0.55,8.86,0.19,1,Grappler
Nathan Coy,25,0,0,2.9,0.41,11.27,0.25,0,Grappler
Nathaniel Wood,10,0,0,0,0,15,0.3,0,Grappler
Nazareno Malegarie,15,0,0,0,0,23,0.44,0,Grappler
Neil Magny,205,3,7,2.73,0.38,3.25,0.03,1,Striker
Neil Seery,100,6,6,3.72,0.49,7999,1,1,Grappler
Nicco Montano,25,0,0,6.2,0.68,39,0.67,0,Grappler
Nick Catone,15,0,0,0,0,23,0.44,0,Grappler
Nick Diaz,25,8,13,17,0.87,39,0.67,1,Striker
Nick Hein,95,4,1,7.76,0.74,0.08,0,1,Grappler
Nick Roehrick,15,0,0,0,0,23,0.44,0,Grappler
Nick Urso,5,0,0,0,0,7,0.11,0,Grappler
Nico Musoke,75,5,4,5.79,0.65,8.93,0.2,1,Grappler
Nicolas Dalby,60,4,6,6.41,0.68,34.64,0.66,1,Striker
Nik Lentz,105,8,11,2.72,0.38,5.27,0.08,1,Striker
Nikita Krylov,60,15,10,2.8,0.4,36.11,0.67,1,Grappler
Niklas Backstrom,25,0,0,2.71,0.37,39,0.67,0,Grappler
Niko Price,55,3,9,4.79,0.58,9.23,0.21,1,Striker
Nina Ansaroff,75,2,4,5.7,0.64,10.63,0.23,1,Striker
Ning Guangyou,55,0,0,3.86,0.51,87,0.83,0,Grappler
Noad Lahat,45,0,0,2.73,0.38,20.82,0.42,0,Grappler
Nolan Ticman,20,0,0,0.89,0.17,27.74,0.57,0,Grappler
Nordine Taleb,105,0,7,2.24,0.31,6.48,0.1,1,Striker
Norifumi Yamamoto,10,2,13,0,0,15,0.3,1,Striker
Norman Parke,85,12,4,6.02,0.67,17.33,0.38,1,Grappler
Oliver Enkamp,20,0,0,7.13,0.72,368.23,0.94,0,Striker
Olivier Aubin-Mercier,130,0,0,2.77,0.39,13,0.28,0,Grappler
Oluwale Bamgbose,45,0,0,1.9,0.27,70.52,0.8,0,Grappler
Omari Akhmedov,100,5,7,4.2,0.54,8.62,0.19,1,Striker
Oskar Piechota,30,0,0,2.75,0.39,12.33,0.27,0,Grappler
Ovince St. Preux,185,7,11,4.81,0.59,6.07,0.1,1,Striker
Paddy Holohan,40,0,0,1.8,0.25,3.21,0.03,0,Grappler
Paige VanZant,100,3,2,2.33,0.33,3999,1,1,Grappler
Pat Healy,30,15,7,4.7,0.58,899,0.97,1,Grappler
Patrick Cote,100,3,10,1.97,0.28,15.16,0.35,1,Striker
Patrick Cummins,125,2,4,1.61,0.23,1.42,0,1,Striker
Patrick Holohan,20,0,0,2.05,0.29,42.24,0.7,0,Grappler
Patrick Walsh,30,0,0,1.06,0.17,11.87,0.26,0,Grappler
Patrick Williams,40,0,0,5.63,0.64,62.37,0.79,0,Grappler
Paul Craig,35,0,0,4.97,0.6,31.56,0.64,0,Grappler
Paul Felder,135,1,10,5.76,0.65,6.5,0.11,1,Striker
Paul Redmond,20,0,0,1.29,0.19,799,0.96,0,Grappler
Paulo Borrachinha,5,0,0,21,0.89,7,0.11,0,Striker
PAULO HENRIQUE COSTA,30,1,11,5.07,0.61,799,0.96,1,Striker
Paulo Thiago,30,10,2,17,0.87,1199,0.97,1,Grappler
Pawel Pawlak,45,0,0,3.08,0.43,99.47,0.84,0,Grappler
Pearl Gonzalez,30,0,0,10.73,0.8,179,0.9,0,Striker
Pedro Munhoz,105,4,9,10.38,0.79,30.54,0.59,1,Striker
Peter Petties,10,0,0,0,0,15,0.3,0,Grappler
Peter Sobotta,65,0,0,1.99,0.28,3.24,0.03,0,Grappler
Petr Yan,20,1,5,3.75,0.49,149,0.88,1,Striker
Phil Davis,45,5,5,4.04,0.53,31.24,0.64,1,Grappler
Phil Harris,20,0,0,2.5,0.34,31,0.59,0,Grappler
Phil Hawes,10,0,0,0,0,15,0.3,0,Grappler
Phillipe Nover,60,0,0,3.52,0.48,95,0.84,0,Grappler
Piotr Hallmann,55,0,0,2.91,0.41,12.31,0.27,0,Grappler
Poliana Botelho,20,0,6,106,0.99,599,0.95,1,Striker
Polo Reyes,45,0,0,8.86,0.76,18.93,0.4,0,Striker
Polyana Viana,20,0,0,1.25,0.19,81.76,0.82,0,Grappler
Priscila Cachoeira,10,0,0,0,0,15,0.3,0,Grappler
Quinn Mulhern,15,0,0,0,0,23,0.44,0,Grappler
Rachael Ostovich,20,0,0,3.75,0.49,132.33,0.87,0,Grappler
Rafael Dos Anjos,100,10,5,3.65,0.49,2.07,0.01,1,Grappler
Rafael dos Anjos,75,10,5,2.95,0.42,8.72,0.19,1,Grappler
Rafael Feijao,45,0,0,5.88,0.66,71,0.81,0,Grappler
Rafael Natal,100,0,0,3.3,0.45,5.68,0.09,0,Grappler
Rafaello Oliveira,5,0,0,0,0,7,0.11,0,Grappler
Ramazan Emeev,45,0,0,5.25,0.62,39.3,0.69,0,Grappler
Rampage Jackson,15,4,20,0,0,23,0.44,1,Striker
Ramsey Nijem,45,0,0,2.04,0.29,10.48,0.23,0,Grappler
Randa Markos,140,0,0,2.84,0.4,4.05,0.05,0,Grappler
Randy Brown,90,0,0,6.45,0.69,11.99,0.27,0,Grappler
Rani Yahya,100,0,0,2.52,0.35,2.28,0.02,0,Grappler
Raoni Barcelos,15,0,0,5.5,0.63,23,0.44,0,Grappler
Raphael Assuncao,105,10,4,10.23,0.79,154.56,0.89,1,Grappler
Raquel Pennington,115,3,1,7.35,0.72,22.73,0.43,1,Grappler
Rashad Coulter,25,0,0,27.71,0.92,443.44,0.94,0,Striker
Rashad Evans,55,1,8,26.72,0.92,184.92,0.9,1,Striker
Rashid Magomedov,90,0,0,10.93,0.81,1269.59,0.98,0,Striker
Ray Borg,120,6,1,1.25,0.19,1.77,0.01,1,Grappler
Reginaldo Vieira,40,0,0,2.15,0.3,18.01,0.39,0,Grappler
Renan Barao,140,15,8,11.88,0.82,33.25,0.65,1,Grappler
Renato Moicano,75,6,0,17.16,0.87,27.8,0.58,1,Grappler
Renee Forte,15,0,0,0,0,23,0.44,0,Grappler
Reza Madadi,60,0,0,8.04,0.75,149,0.88,0,Striker
Ricardo Abreu,25,0,0,7.93,0.74,271.73,0.92,0,Striker
Ricardo Lamas,115,5,6,5.97,0.66,8.36,0.18,1,Striker
Ricardo Ramos,45,0,0,4.04,0.53,77.55,0.81,0,Grappler
Richard Walsh,80,0,0,4.43,0.56,19.87,0.41,0,Grappler
Richardson Moreira,20,0,0,5,0.6,31,0.59,0,Grappler
Richie Smullen,5,0,0,0,0,7,0.11,0,Grappler
Richie Vaculik,45,0,0,2.96,0.42,12.06,0.27,0,Grappler
Rick Glenn,75,0,0,3.62,0.48,22.72,0.43,0,Grappler
Rick Story,75,0,0,6.54,0.69,11.84,0.26,0,Grappler
Ricky Palacios,15,0,0,0,0,23,0.44,0,Grappler
Ricky Rainey,10,0,0,0,0,15,0.3,0,Grappler
Ricky Simon,45,0,0,3.91,0.51,1.84,0.01,0,Grappler
Ricky Turcios,15,0,0,0,0,23,0.44,0,Grappler
Rilley Dutro,15,0,0,0,0,23,0.44,0,Grappler
Rin Nakai,30,0,0,2.97,0.42,134.85,0.87,0,Grappler
Roan Carneiro,40,0,0,5.36,0.62,49.66,0.75,0,Grappler
Rob Font,75,4,7,10.12,0.79,33.42,0.65,1,Striker
Rob Whiteford,50,0,0,2.88,0.41,11.89,0.27,0,Grappler
Rob Wilkinson,20,0,0,8.29,0.75,251.63,0.92,0,Striker
Robbie Lawler,185,1,20,12.9,0.83,57.19,0.78,1,Striker
Robert Drysdale,5,0,0,0,0,7,0.11,0,Grappler
Robert Peralta,35,0,0,8.34,0.75,55,0.77,0,Striker
Robert Whittaker,130,5,9,7.17,0.72,10.33,0.23,1,Striker
Roberto Sanchez,25,0,0,1.08,0.17,17.46,0.38,0,Grappler
Rocky Lee,15,3,0,0,0,23,0.44,1,Grappler
Rodolfo Rubio,15,0,0,0,0,23,0.44,0,Grappler
Rodrigo Damm,60,0,0,15.93,0.86,265.67,0.92,0,Striker
Rodrigo de Lima,25,0,0,1.24,0.19,26.65,0.57,0,Grappler
Roger Narvaez,35,0,0,4.44,0.56,36.67,0.67,0,Grappler
Roger Zapata,15,0,0,0,0,23,0.44,0,Grappler
Rogerio Nogueira,50,0,0,10.65,0.8,386.1,0.94,0,Striker
Roland Delorme,20,0,0,1.69,0.24,31,0.59,0,Grappler
Rolando Dy,50,0,0,12.44,0.83,141.01,0.88,0,Striker
Roldan Sangcha-an,25,0,0,21.25,0.89,149,0.88,0,Striker
Roman Salazar,25,0,0,6.5,0.69,665.67,0.96,0,Grappler
Ron Stallings,30,0,0,54.33,0.96,377.95,0.94,0,Striker
Ronaldo Candido De Oliveira,15,0,0,0,0,23,0.44,0,Grappler
Ronda Rousey,35,0,0,5.69,0.64,226.03,0.91,0,Grappler
Ronny Markes,5,0,0,0,0,7,0.11,0,Grappler
Rony Jason,55,0,0,7.76,0.74,53.1,0.76,0,Striker
Rory MacDonald,95,7,7,8.51,0.76,711.5,0.96,1,Grappler
Rose Namajunas,115,5,1,3.45,0.47,22.54,0.43,1,Grappler
Ross Pearson,190,7,5,14.82,0.86,35.82,0.66,1,Grappler
Roxanne Modafferi,35,5,4,12.37,0.83,106.69,0.85,1,Grappler
Roy Nelson,110,4,15,8.13,0.75,19.2,0.4,1,Striker
Royston Wee,40,0,0,1.05,0.17,3.69,0.04,0,Grappler
Ruan Potts,20,0,0,2.54,0.35,341.86,0.93,0,Grappler
Ruon Potts,5,0,0,0,0,7,0.11,0,Grappler
Ruslan Magomedov,45,0,0,77.8,0.98,4319,1,0,Striker
Russell Doane,85,0,0,1.78,0.25,2.21,0.02,0,Grappler
Rustam Khabilov,125,0,0,2.64,0.36,5.3,0.08,0,Grappler
Ryan Bader,100,3,12,2.26,0.31,13.44,0.29,1,Striker
Ryan Benoit,60,1,8,5.67,0.64,85.75,0.83,1,Striker
Ryan Hall,30,3,2,1.33,0.2,19.87,0.41,1,Grappler
Ryan Janes,50,0,0,14.26,0.85,27.37,0.57,0,Striker
Ryan Jimmo,30,0,0,13.56,0.84,47,0.72,0,Striker
Ryan LaFlare,110,0,0,4.29,0.55,14.86,0.3,0,Grappler
Ryan Spann,20,0,0,2,0.29,31,0.59,0,Grappler
Sabah Homasi,20,0,0,12.53,0.83,37.71,0.67,0,Striker
Sage Northcutt,90,0,0,2.55,0.35,9.1,0.2,0,Grappler
Sai Wang,30,0,0,1.52,0.22,17.37,0.38,0,Grappler
Said Nurmagomedov,15,0,0,0,0,23,0.44,0,Grappler
Salim Touahri,15,0,0,0,0,23,0.44,0,Grappler
Sam Alvey,170,3,19,13.4,0.84,4.72,0.07,1,Striker
Sam Sicilia,85,0,0,2.79,0.39,3.48,0.04,0,Grappler
Sam Stout,20,1,9,127,0.99,31,0.59,1,Striker
Santiago Ponzinibbio,90,6,15,22.79,0.91,84.38,0.82,1,Striker
Saparbeg Safarov,15,0,0,43.67,0.95,23,0.44,0,Striker
Sara McMann,90,5,1,2.38,0.33,1.72,0.01,1,Grappler
Sarah Kaufman,40,0,0,26.31,0.92,281.35,0.92,0,Striker
Sarah Moras,50,0,0,1.45,0.21,20.78,0.42,0,Grappler
Scott Askham,70,0,0,3.43,0.46,67.57,0.8,0,Grappler
Scott Holtzman,105,0,0,3.5,0.47,5.43,0.08,0,Grappler
Scott Jorgensen,50,0,0,2.84,0.4,9.7,0.21,0,Grappler
Sean O'Connell,70,0,0,28.5,0.93,177.72,0.9,0,Striker
Sean O'Malley,35,0,0,31.36,0.93,310.11,0.93,0,Striker
Sean Soriano,40,0,0,2.52,0.35,52.04,0.76,0,Grappler
Sean Spencer,70,0,0,9.39,0.77,17.75,0.39,0,Striker
Sean Strickland,115,0,0,5.98,0.67,11.61,0.25,0,Grappler
Seohee Ham,60,0,0,40,0.95,653.55,0.96,0,Striker
Sergio Moraes,105,0,0,6.04,0.67,5.97,0.09,0,Grappler
Sergio Pettis,170,3,3,6.9,0.7,8.11,0.18,1,Grappler
Seth Baczynski,25,0,0,32.17,0.94,351.94,0.93,0,Striker
Shamil Abdurakhimov,75,4,9,7.46,0.73,34.36,0.66,1,Striker
Shana Dobson,25,0,0,97,0.98,39,0.67,0,Striker
Shane Burgos,60,5,4,9.56,0.77,56.83,0.78,1,Grappler
Shane Campbell,50,0,0,3.62,0.48,11,0.24,0,Grappler
Shane Howell,20,0,0,2.5,0.34,31,0.59,0,Grappler
Shane Young,25,0,0,83,0.98,351.94,0.93,0,Striker
Shawn Jordan,50,0,0,1.9,0.26,10.88,0.24,0,Grappler
Shayna Baszler,15,0,0,2.73,0.38,93.74,0.84,0,Grappler
Sheldon Westcott,30,0,0,4.8,0.58,96.3,0.84,0,Grappler
Shelton Graves,15,0,0,5.5,0.63,23,0.44,0,Grappler
Sheymon Moraes,30,0,0,5.43,0.62,799,0.96,0,Grappler
Shinsho Anzai,40,0,0,3.27,0.45,20.45,0.42,0,Grappler
Shunichi Shimizu,15,0,0,0,0,23,0.44,0,Grappler
Sidney Outlaw,15,0,0,0,0,23,0.44,0,Grappler
Sijara Eubanks,15,0,2,0,0,23,0.44,1,Striker
Sirwan Kakai,30,0,0,5.11,0.61,29.51,0.59,0,Grappler
Siyar Bahadurzada,35,0,0,1.58,0.23,7.49,0.17,0,Grappler
Soa Palelei,40,0,0,1.83,0.25,28.36,0.58,0,Grappler
Song Kenan,15,0,0,1.15,0.18,1199,0.97,0,Grappler
Song Yadong,15,3,5,7.5,0.73,23,0.44,1,Striker
Stanislav Nedkov,5,0,0,0,0,7,0.11,0,Grappler
Stefan Sekulic,15,0,0,0,0,23,0.44,0,Grappler
Stefan Struve,95,18,8,10.1,0.79,34.88,0.66,1,Grappler
Stephen Thompson,145,1,7,9.94,0.78,35.48,0.66,1,Striker
Steve Bosse,25,0,0,14,0.85,39,0.67,0,Striker
Steve Kennedy,20,0,0,12,0.82,31,0.59,0,Striker
Steve Montgomery,20,0,0,32,0.94,31,0.59,0,Striker
Steven Peterson,45,0,0,10.05,0.79,32.44,0.65,0,Striker
Steven Siler,20,0,0,22,0.9,31,0.59,0,Striker
Stevie Ray,95,0,0,4.1,0.53,12.76,0.27,0,Grappler
Stipe Miocic,120,0,14,2.29,0.32,3.23,0.03,1,Striker
Sultan Aliev,30,0,0,1.45,0.21,14.47,0.3,0,Grappler
Syuri Kondo,20,0,0,286,1,31,0.59,0,Striker
T.J. Dillashaw,25,3,8,6.33,0.68,17.63,0.39,1,Striker
Tae Hyun Bang,65,0,0,7.41,0.73,103,0.85,0,Striker
Tai Tuivasa,25,0,7,15.5,0.86,39,0.67,1,Striker
Takanori Gomi,40,6,14,23.13,0.91,17.46,0.38,1,Striker
Takenori Sato,10,0,0,0,0,15,0.3,0,Grappler
Takeya Mizugaki,60,0,0,3.61,0.48,5.7,0.09,0,Grappler
Talita Bernardo,30,0,0,3.29,0.45,20.62,0.42,0,Grappler
Tamdan McCrory,30,0,0,1.05,0.17,8.93,0.2,0,Grappler
Tarec Saffiedine,100,0,0,8.39,0.75,11.24,0.25,0,Striker
Tateki Matsuda,30,0,0,4.06,0.53,120.01,0.86,0,Grappler
Tatiana Suarez,40,3,2,1.13,0.18,4.11,0.05,1,Grappler
Tatsuya Kawajiri,85,0,0,1.43,0.21,5,0.07,0,Grappler
Taylor Lapilus,55,0,0,10.69,0.8,549,0.95,0,Striker
Tecia Torres,130,1,0,6.03,0.67,7.55,0.17,1,Grappler
Teemu Packalen,25,0,0,2.13,0.3,13.02,0.28,0,Grappler
Terrion Ware,60,0,0,13.01,0.84,100.41,0.84,0,Striker
Teruto Ishihara,95,0,0,7.51,0.73,23.52,0.55,0,Striker
Thales Leites,155,0,0,6.19,0.68,11.37,0.25,0,Grappler
Thanh Le,10,0,0,14,0.85,15,0.3,0,Striker
Thiago Alves,90,1,13,14.38,0.85,54.38,0.76,1,Striker
Thiago Perpetuo,5,0,0,0,0,7,0.11,0,Grappler
Thiago Santos,130,1,15,4.19,0.54,8.06,0.18,1,Striker
Thiago Tavares,30,0,0,1.32,0.2,3.5,0.04,0,Grappler
Thibault Gouti,45,0,0,3.51,0.48,102.85,0.85,0,Grappler
Thomas Almeida,75,3,17,359.25,1,267.66,0.92,1,Striker
Tiago Trator,50,0,0,13.91,0.85,42.48,0.7,0,Striker
Tim Boetsch,75,0,0,3.87,0.51,15.11,0.35,0,Grappler
Tim Elliott,75,6,3,1.63,0.23,9.73,0.21,1,Grappler
Tim Gorman,30,0,0,3.21,0.44,47,0.72,0,Grappler
Tim Johnson,85,0,0,5.07,0.61,35.17,0.66,0,Grappler
Tim Kennedy,55,0,0,2.78,0.39,87,0.83,0,Grappler
Tim Means,150,0,0,8.44,0.75,8.96,0.2,0,Striker
Tim Williams,20,0,0,18,0.88,31,0.59,0,Striker
Tina Lahdemaki,15,0,0,0,0,23,0.44,0,Grappler
TJ Dillashaw,130,3,8,9.14,0.77,6.96,0.11,1,Striker
TJ Waldburger,15,0,0,0,0,23,0.44,0,Grappler
Toby Misech,15,0,0,0,0,23,0.44,0,Grappler
Todd Duffee,10,0,0,8,0.74,15,0.3,0,Striker
Tom Breese,45,0,0,3.55,0.48,14.7,0.3,0,Grappler
Tom Duquesnoy,40,0,0,4.58,0.57,1.9,0.01,0,Grappler
Tom Gallicchio,15,0,0,0,0,23,0.44,0,Grappler
Tom Lawlor,25,0,0,13.75,0.84,39,0.67,0,Striker
Tom Niinimaki,20,0,0,1.23,0.19,479,0.95,0,Grappler
Tom Watson,60,0,0,35.33,0.94,95,0.84,0,Striker
Tony Ferguson,120,8,12,4.6,0.57,10.07,0.22,1,Striker
Tony Martin,130,0,0,5.77,0.65,7.99,0.17,0,Grappler
Tony Sims,25,0,0,1.88,0.26,1499,0.98,0,Grappler
Tonya Evinger,20,0,0,21.75,0.9,31,0.59,0,Striker
Tor Troeng,30,0,0,4.85,0.59,46.37,0.71,0,Grappler
Travis Browne,90,0,0,3.9,0.51,15.69,0.36,0,Grappler
Trevin Giles,25,0,0,1.22,0.19,20.78,0.42,0,Grappler
Trevor Smith,115,0,0,2.24,0.31,2.77,0.03,0,Grappler
Tyler Diamond,15,0,0,0,0,23,0.44,0,Grappler
Tyron Woodley,135,5,7,5.18,0.61,18.97,0.4,1,Striker
Tyson Pedro,35,0,0,3.06,0.43,12.83,0.28,0,Grappler
Ulka Sasaki,70,0,0,2.77,0.39,10.03,0.22,0,Grappler
Uriah Hall,95,1,11,5.03,0.6,21.7,0.43,1,Striker
Urijah Faber,125,17,10,5.53,0.63,15.15,0.35,1,Grappler
Vagner Rocha,10,0,0,0,0,15,0.3,0,Grappler
Valentina Shevchenko,100,7,5,4.41,0.56,12.57,0.27,1,Grappler
Valerie Letourneau,100,0,0,13.71,0.84,18.6,0.4,0,Striker
Valmir Lazaro,45,0,0,30.25,0.93,129.12,0.87,0,Striker
Vaughan Lee,35,0,0,316,1,55,0.77,0,Striker
Vernon Ramos,5,0,0,0,0,7,0.11,0,Grappler
Veronica Macedo,30,0,0,54,0.96,47,0.72,0,Striker
Vicente Luque,75,6,9,2.74,0.38,4.5,0.06,1,Striker
Vik Grujic,40,0,0,2.33,0.33,69.07,0.8,0,Grappler
Viktor Pesta,60,0,0,1.49,0.22,5.53,0.08,0,Grappler
Vinc Pichel,60,0,0,2.42,0.34,4.34,0.06,0,Grappler
Vincent Morales,10,0,0,0,0,15,0.3,0,Grappler
Viscardi Andrade,45,0,0,3.67,0.49,36.24,0.67,0,Grappler
Vitor Belfort,55,3,18,6.74,0.7,470.43,0.95,1,Striker
Vitor Miranda,85,0,0,2.1,0.3,11.12,0.24,0,Grappler
Viviane Pereira,60,0,0,5.59,0.64,62.72,0.79,0,Grappler
Volkan Oezdemir,35,1,11,64.6,0.97,1399,0.98,1,Striker
Wagner Silva,25,0,0,56,0.96,39,0.67,0,Striker
Walt Harris,70,0,13,6.41,0.68,29,0.58,1,Striker
Wang Guan,15,0,0,0,0,23,0.44,0,Grappler
Warlley Alves,110,0,0,4.8,0.58,5.23,0.08,0,Grappler
Weili Zhang,15,7,9,0,0,23,0.44,1,Striker
Wendell Oliveira,15,0,0,24,0.91,23,0.44,0,Striker
Will Brooks,45,0,0,5.73,0.65,24.53,0.56,0,Grappler
Will Campuzano,15,0,0,0,0,23,0.44,0,Grappler
Will Chope,10,0,0,0,0,15,0.3,0,Grappler
William Patolino,20,0,0,7.8,0.74,31,0.59,0,Striker
Willie Gates,45,0,0,8.55,0.76,100.89,0.84,0,Striker
Wilson Reis,125,0,0,2.39,0.33,2.65,0.02,0,Grappler
Wu Yanan,15,0,0,0,0,23,0.44,0,Grappler
Wuliji Buren,25,0,0,2.89,0.41,45.88,0.71,0,Grappler
Yair Rodriguez,100,2,4,3.6,0.48,9.87,0.21,1,Striker
Yan Cabral,55,0,0,1.57,0.23,10.59,0.23,0,Grappler
Yan Xiaonan,30,0,5,37,0.95,47,0.72,1,Striker
Yana Kunitskaya,20,1,7,3.43,0.46,136.14,0.87,1,Striker
Yancy Medeiros,95,0,0,17.37,0.88,48.09,0.75,0,Striker
Yao Zhikui,50,0,0,2.3,0.32,16.47,0.37,0,Grappler
Yaotzin Meza,75,0,0,2.31,0.33,31.79,0.64,0,Grappler
Yoel Romero,155,0,11,2.64,0.36,13.02,0.28,1,Striker
Yosdenis Cedeno,50,0,0,4.89,0.59,25.91,0.56,0,Grappler
Yoshihiro Akiyama,30,7,5,1.51,0.22,47,0.72,1,Grappler
Yui Chul Nam,45,0,0,2.18,0.31,20.26,0.41,0,Grappler
Yushin Okami,20,14,3,6.8,0.7,31,0.59,1,Grappler
Yusuke Kasuya,25,0,0,24.75,0.91,1199,0.97,0,Striker
Yuta Sasaki,5,12,2,0,0,7,0.11,1,Grappler
Yves Edwards,20,0,0,21,0.89,1199,0.97,0,Striker
Yves Jabouin,35,0,0,11.78,0.82,364.22,0.94,0,Striker
Zabit Magomedsharipov,50,7,6,2.44,0.34,4.7,0.07,1,Grappler
Zach Makovsky,90,0,0,1.92,0.27,22.23,0.43,0,Grappler
Zak Cummings,90,0,0,6.22,0.68,6.45,0.1,0,Grappler
Zak Ottow,65,0,0,6.97,0.71,33.9,0.66,0,Grappler
Zhang Lipeng,30,0,0,1.45,0.21,6.04,0.1,0,Grappler
Zu Anyanwu,15,0,0,3,0.42,149,0.88,0,Grappler
Zubaira Tukhugov,50,0,0,6.73,0.7,78.21,0.82,0,Grappler
